--
-- PostgreSQL database dump
--

-- Dumped from database version 12.17 (Ubuntu 12.17-1.pgdg22.04+1)
-- Dumped by pg_dump version 12.17 (Ubuntu 12.17-1.pgdg22.04+1)

SET statement_timeout = 0;
SET lock_timeout = 0;
SET idle_in_transaction_session_timeout = 0;
SET client_encoding = 'UTF8';
SET standard_conforming_strings = on;
SELECT pg_catalog.set_config('search_path', '', false);
SET check_function_bodies = false;
SET xmloption = content;
SET client_min_messages = warning;
SET row_security = off;

DROP DATABASE universe;
--
-- Name: universe; Type: DATABASE; Schema: -; Owner: freecodecamp
--

CREATE DATABASE universe WITH TEMPLATE = template0 ENCODING = 'UTF8' LC_COLLATE = 'C.UTF-8' LC_CTYPE = 'C.UTF-8';


ALTER DATABASE universe OWNER TO freecodecamp;

\connect universe

SET statement_timeout = 0;
SET lock_timeout = 0;
SET idle_in_transaction_session_timeout = 0;
SET client_encoding = 'UTF8';
SET standard_conforming_strings = on;
SELECT pg_catalog.set_config('search_path', '', false);
SET check_function_bodies = false;
SET xmloption = content;
SET client_min_messages = warning;
SET row_security = off;

SET default_tablespace = '';

SET default_table_access_method = heap;

--
-- Name: galaxy; Type: TABLE; Schema: public; Owner: freecodecamp
--

CREATE TABLE public.galaxy (
    galaxy_id integer NOT NULL,
    name character varying(30) NOT NULL,
    description text,
    constellation character varying(30),
    estimated_distance bigint
);


ALTER TABLE public.galaxy OWNER TO freecodecamp;

--
-- Name: galaxy_galaxy_id_seq; Type: SEQUENCE; Schema: public; Owner: freecodecamp
--

CREATE SEQUENCE public.galaxy_galaxy_id_seq
    AS integer
    START WITH 1
    INCREMENT BY 1
    NO MINVALUE
    NO MAXVALUE
    CACHE 1;


ALTER TABLE public.galaxy_galaxy_id_seq OWNER TO freecodecamp;

--
-- Name: galaxy_galaxy_id_seq; Type: SEQUENCE OWNED BY; Schema: public; Owner: freecodecamp
--

ALTER SEQUENCE public.galaxy_galaxy_id_seq OWNED BY public.galaxy.galaxy_id;


--
-- Name: moon; Type: TABLE; Schema: public; Owner: freecodecamp
--

CREATE TABLE public.moon (
    moon_id integer NOT NULL,
    name character varying(30) NOT NULL,
    is_spherical boolean,
    planet_id integer,
    description text
);


ALTER TABLE public.moon OWNER TO freecodecamp;

--
-- Name: moon_moon_id_seq; Type: SEQUENCE; Schema: public; Owner: freecodecamp
--

CREATE SEQUENCE public.moon_moon_id_seq
    AS integer
    START WITH 1
    INCREMENT BY 1
    NO MINVALUE
    NO MAXVALUE
    CACHE 1;


ALTER TABLE public.moon_moon_id_seq OWNER TO freecodecamp;

--
-- Name: moon_moon_id_seq; Type: SEQUENCE OWNED BY; Schema: public; Owner: freecodecamp
--

ALTER SEQUENCE public.moon_moon_id_seq OWNED BY public.moon.moon_id;


--
-- Name: planet; Type: TABLE; Schema: public; Owner: freecodecamp
--

CREATE TABLE public.planet (
    planet_id integer NOT NULL,
    name character varying(30) NOT NULL,
    distance_from_earth integer,
    age_in_million_of_years integer,
    gravity numeric(5,3),
    has_life boolean,
    star_id integer
);


ALTER TABLE public.planet OWNER TO freecodecamp;

--
-- Name: planet_planet_id_seq; Type: SEQUENCE; Schema: public; Owner: freecodecamp
--

CREATE SEQUENCE public.planet_planet_id_seq
    AS integer
    START WITH 1
    INCREMENT BY 1
    NO MINVALUE
    NO MAXVALUE
    CACHE 1;


ALTER TABLE public.planet_planet_id_seq OWNER TO freecodecamp;

--
-- Name: planet_planet_id_seq; Type: SEQUENCE OWNED BY; Schema: public; Owner: freecodecamp
--

ALTER SEQUENCE public.planet_planet_id_seq OWNED BY public.planet.planet_id;


--
-- Name: planet_type; Type: TABLE; Schema: public; Owner: freecodecamp
--

CREATE TABLE public.planet_type (
    planet_type_id integer NOT NULL,
    name character varying(30) NOT NULL,
    description text
);


ALTER TABLE public.planet_type OWNER TO freecodecamp;

--
-- Name: planet_type_planet_type_id_seq; Type: SEQUENCE; Schema: public; Owner: freecodecamp
--

CREATE SEQUENCE public.planet_type_planet_type_id_seq
    AS integer
    START WITH 1
    INCREMENT BY 1
    NO MINVALUE
    NO MAXVALUE
    CACHE 1;


ALTER TABLE public.planet_type_planet_type_id_seq OWNER TO freecodecamp;

--
-- Name: planet_type_planet_type_id_seq; Type: SEQUENCE OWNED BY; Schema: public; Owner: freecodecamp
--

ALTER SEQUENCE public.planet_type_planet_type_id_seq OWNED BY public.planet_type.planet_type_id;


--
-- Name: star; Type: TABLE; Schema: public; Owner: freecodecamp
--

CREATE TABLE public.star (
    star_id integer NOT NULL,
    name character varying(30) NOT NULL,
    galaxy_id integer,
    coordinates character varying(30),
    mass numeric
);


ALTER TABLE public.star OWNER TO freecodecamp;

--
-- Name: star_star_id_seq; Type: SEQUENCE; Schema: public; Owner: freecodecamp
--

CREATE SEQUENCE public.star_star_id_seq
    AS integer
    START WITH 1
    INCREMENT BY 1
    NO MINVALUE
    NO MAXVALUE
    CACHE 1;


ALTER TABLE public.star_star_id_seq OWNER TO freecodecamp;

--
-- Name: star_star_id_seq; Type: SEQUENCE OWNED BY; Schema: public; Owner: freecodecamp
--

ALTER SEQUENCE public.star_star_id_seq OWNED BY public.star.star_id;


--
-- Name: galaxy galaxy_id; Type: DEFAULT; Schema: public; Owner: freecodecamp
--

ALTER TABLE ONLY public.galaxy ALTER COLUMN galaxy_id SET DEFAULT nextval('public.galaxy_galaxy_id_seq'::regclass);


--
-- Name: moon moon_id; Type: DEFAULT; Schema: public; Owner: freecodecamp
--

ALTER TABLE ONLY public.moon ALTER COLUMN moon_id SET DEFAULT nextval('public.moon_moon_id_seq'::regclass);


--
-- Name: planet planet_id; Type: DEFAULT; Schema: public; Owner: freecodecamp
--

ALTER TABLE ONLY public.planet ALTER COLUMN planet_id SET DEFAULT nextval('public.planet_planet_id_seq'::regclass);


--
-- Name: planet_type planet_type_id; Type: DEFAULT; Schema: public; Owner: freecodecamp
--

ALTER TABLE ONLY public.planet_type ALTER COLUMN planet_type_id SET DEFAULT nextval('public.planet_type_planet_type_id_seq'::regclass);


--
-- Name: star star_id; Type: DEFAULT; Schema: public; Owner: freecodecamp
--

ALTER TABLE ONLY public.star ALTER COLUMN star_id SET DEFAULT nextval('public.star_star_id_seq'::regclass);


--
-- Data for Name: galaxy; Type: TABLE DATA; Schema: public; Owner: freecodecamp
--

INSERT INTO public.galaxy VALUES (1, 'Milky Way', NULL, NULL, NULL);
INSERT INTO public.galaxy VALUES (2, 'Andromeda', NULL, NULL, NULL);
INSERT INTO public.galaxy VALUES (3, 'Cartwheel', NULL, NULL, NULL);
INSERT INTO public.galaxy VALUES (4, 'Backward', NULL, NULL, NULL);
INSERT INTO public.galaxy VALUES (5, 'Black Eye', NULL, NULL, NULL);
INSERT INTO public.galaxy VALUES (6, 'Circinus', NULL, NULL, NULL);
INSERT INTO public.galaxy VALUES (7, 'Alpha Centauri', NULL, NULL, NULL);


--
-- Data for Name: moon; Type: TABLE DATA; Schema: public; Owner: freecodecamp
--

INSERT INTO public.moon VALUES (1, 'Moon', NULL, 2, NULL);
INSERT INTO public.moon VALUES (2, 'Io', NULL, 4, NULL);
INSERT INTO public.moon VALUES (3, 'Europa', NULL, 4, NULL);
INSERT INTO public.moon VALUES (4, 'Ganimede', NULL, 4, NULL);
INSERT INTO public.moon VALUES (5, 'Callisto', NULL, 4, NULL);
INSERT INTO public.moon VALUES (6, 'Phobos', NULL, 5, NULL);
INSERT INTO public.moon VALUES (7, 'Deimos', NULL, 5, NULL);
INSERT INTO public.moon VALUES (8, 'Pan', NULL, 6, NULL);
INSERT INTO public.moon VALUES (9, 'Daphnis', NULL, 6, NULL);
INSERT INTO public.moon VALUES (10, 'Atlas', NULL, 6, NULL);
INSERT INTO public.moon VALUES (11, 'Prometheus', NULL, 6, NULL);
INSERT INTO public.moon VALUES (12, 'Pandora', NULL, 6, NULL);
INSERT INTO public.moon VALUES (13, 'Epimetheus', NULL, 6, NULL);
INSERT INTO public.moon VALUES (14, 'Janus', NULL, 6, NULL);
INSERT INTO public.moon VALUES (15, 'Aegaeon', NULL, 6, NULL);
INSERT INTO public.moon VALUES (16, 'Mimas', NULL, 6, NULL);
INSERT INTO public.moon VALUES (17, 'Methone', NULL, 6, NULL);
INSERT INTO public.moon VALUES (18, 'Anthe', NULL, 6, NULL);
INSERT INTO public.moon VALUES (19, 'Palleme', NULL, 6, NULL);
INSERT INTO public.moon VALUES (20, 'Enceladus', NULL, 6, NULL);
INSERT INTO public.moon VALUES (21, 'Thetys', NULL, 6, NULL);
INSERT INTO public.moon VALUES (22, 'Telesto', NULL, 6, NULL);


--
-- Data for Name: planet; Type: TABLE DATA; Schema: public; Owner: freecodecamp
--

INSERT INTO public.planet VALUES (1, 'Mercury', NULL, NULL, NULL, NULL, 1);
INSERT INTO public.planet VALUES (2, 'Earth', NULL, NULL, NULL, NULL, 1);
INSERT INTO public.planet VALUES (3, 'Venus', NULL, NULL, NULL, NULL, 1);
INSERT INTO public.planet VALUES (4, 'Jupiter', NULL, NULL, NULL, NULL, 1);
INSERT INTO public.planet VALUES (5, 'Mars', NULL, NULL, NULL, NULL, 1);
INSERT INTO public.planet VALUES (6, 'Saturn', NULL, NULL, NULL, NULL, 1);
INSERT INTO public.planet VALUES (7, 'Neptune', NULL, NULL, NULL, NULL, 1);
INSERT INTO public.planet VALUES (8, 'Uranus', NULL, NULL, NULL, NULL, 1);
INSERT INTO public.planet VALUES (9, 'Pluto', NULL, NULL, NULL, NULL, 1);
INSERT INTO public.planet VALUES (10, 'Efesto', NULL, NULL, NULL, NULL, 1);
INSERT INTO public.planet VALUES (11, 'Proxima Centauri b', NULL, NULL, NULL, NULL, 4);
INSERT INTO public.planet VALUES (12, 'Proxima Centauri c', NULL, NULL, NULL, NULL, 4);


--
-- Data for Name: planet_type; Type: TABLE DATA; Schema: public; Owner: freecodecamp
--

INSERT INTO public.planet_type VALUES (1, 'Super-Jupiter', NULL);
INSERT INTO public.planet_type VALUES (2, 'Giant Planet', NULL);
INSERT INTO public.planet_type VALUES (3, 'Super-Neptune', NULL);


--
-- Data for Name: star; Type: TABLE DATA; Schema: public; Owner: freecodecamp
--

INSERT INTO public.star VALUES (1, 'Sun', 1, NULL, NULL);
INSERT INTO public.star VALUES (2, 'Mirach', 2, NULL, NULL);
INSERT INTO public.star VALUES (3, 'Almach', 2, NULL, NULL);
INSERT INTO public.star VALUES (4, 'Proxima Centauri', 7, NULL, NULL);
INSERT INTO public.star VALUES (5, 'Rigil Kentaurus', 7, NULL, NULL);
INSERT INTO public.star VALUES (6, 'Toliman', 7, NULL, NULL);


--
-- Name: galaxy_galaxy_id_seq; Type: SEQUENCE SET; Schema: public; Owner: freecodecamp
--

SELECT pg_catalog.setval('public.galaxy_galaxy_id_seq', 7, true);


--
-- Name: moon_moon_id_seq; Type: SEQUENCE SET; Schema: public; Owner: freecodecamp
--

SELECT pg_catalog.setval('public.moon_moon_id_seq', 22, true);


--
-- Name: planet_planet_id_seq; Type: SEQUENCE SET; Schema: public; Owner: freecodecamp
--

SELECT pg_catalog.setval('public.planet_planet_id_seq', 12, true);


--
-- Name: planet_type_planet_type_id_seq; Type: SEQUENCE SET; Schema: public; Owner: freecodecamp
--

SELECT pg_catalog.setval('public.planet_type_planet_type_id_seq', 3, true);


--
-- Name: star_star_id_seq; Type: SEQUENCE SET; Schema: public; Owner: freecodecamp
--

SELECT pg_catalog.setval('public.star_star_id_seq', 6, true);


--
-- Name: galaxy galaxy_galaxy_id_key; Type: CONSTRAINT; Schema: public; Owner: freecodecamp
--

ALTER TABLE ONLY public.galaxy
    ADD CONSTRAINT galaxy_galaxy_id_key UNIQUE (galaxy_id);


--
-- Name: galaxy galaxy_pkey; Type: CONSTRAINT; Schema: public; Owner: freecodecamp
--

ALTER TABLE ONLY public.galaxy
    ADD CONSTRAINT galaxy_pkey PRIMARY KEY (galaxy_id);


--
-- Name: moon moon_moon_id_key; Type: CONSTRAINT; Schema: public; Owner: freecodecamp
--

ALTER TABLE ONLY public.moon
    ADD CONSTRAINT moon_moon_id_key UNIQUE (moon_id);


--
-- Name: moon moon_pkey; Type: CONSTRAINT; Schema: public; Owner: freecodecamp
--

ALTER TABLE ONLY public.moon
    ADD CONSTRAINT moon_pkey PRIMARY KEY (moon_id);


--
-- Name: planet planet_pkey; Type: CONSTRAINT; Schema: public; Owner: freecodecamp
--

ALTER TABLE ONLY public.planet
    ADD CONSTRAINT planet_pkey PRIMARY KEY (planet_id);


--
-- Name: planet planet_planet_id_key; Type: CONSTRAINT; Schema: public; Owner: freecodecamp
--

ALTER TABLE ONLY public.planet
    ADD CONSTRAINT planet_planet_id_key UNIQUE (planet_id);


--
-- Name: planet_type planet_type_pkey; Type: CONSTRAINT; Schema: public; Owner: freecodecamp
--

ALTER TABLE ONLY public.planet_type
    ADD CONSTRAINT planet_type_pkey PRIMARY KEY (planet_type_id);


--
-- Name: planet_type planet_type_planet_type_id_key; Type: CONSTRAINT; Schema: public; Owner: freecodecamp
--

ALTER TABLE ONLY public.planet_type
    ADD CONSTRAINT planet_type_planet_type_id_key UNIQUE (planet_type_id);


--
-- Name: star star_pkey; Type: CONSTRAINT; Schema: public; Owner: freecodecamp
--

ALTER TABLE ONLY public.star
    ADD CONSTRAINT star_pkey PRIMARY KEY (star_id);


--
-- Name: star star_star_id_key; Type: CONSTRAINT; Schema: public; Owner: freecodecamp
--

ALTER TABLE ONLY public.star
    ADD CONSTRAINT star_star_id_key UNIQUE (star_id);


--
-- Name: star fk_galaxy; Type: FK CONSTRAINT; Schema: public; Owner: freecodecamp
--

ALTER TABLE ONLY public.star
    ADD CONSTRAINT fk_galaxy FOREIGN KEY (galaxy_id) REFERENCES public.galaxy(galaxy_id);


--
-- Name: moon fk_planet; Type: FK CONSTRAINT; Schema: public; Owner: freecodecamp
--

ALTER TABLE ONLY public.moon
    ADD CONSTRAINT fk_planet FOREIGN KEY (planet_id) REFERENCES public.planet(planet_id);


--
-- Name: planet fk_star; Type: FK CONSTRAINT; Schema: public; Owner: freecodecamp
--

ALTER TABLE ONLY public.planet
    ADD CONSTRAINT fk_star FOREIGN KEY (star_id) REFERENCES public.star(star_id);


--
-- PostgreSQL database dump complete
--

